{
  "camera_angle_x": 2.900927863021347,
  "camera_angle_y": 0.9250245035569946,
  "f1_x": 1083.0724424598707,
  "f1_y": 1083.0724424598707,
  "w": 1920,
  "h": 1080,
  "aabb_scale": 4,
  "k1": 0,
  "k2": 0,
  "p1": 0,
  "p2": 0,
  "cx": 960.0,
  "cy": 540.0
}